Stock_ID,Year,total biomass,spawning stock biomass,fishing mortality,exploitation rate
YELL3LNO,1970,1.20E+05,,2.33E-01,2.19E-01
YELL3LNO,1971,1.07E+05,,3.89E-01,3.48E-01
YELL3LNO,1972,8.68E+04,,5.20E-01,4.52E-01
YELL3LNO,1973,6.62E+04,,5.65E-01,4.96E-01
YELL3LNO,1974,5.13E+04,,5.17E-01,4.74E-01
YELL3LNO,1975,4.33E+04,,5.90E-01,5.29E-01
YELL3LNO,1976,3.50E+04,,2.11E-01,2.30E-01
YELL3LNO,1977,4.13E+04,,2.69E-01,2.82E-01
YELL3LNO,1978,4.53E+04,,3.39E-01,3.41E-01
YELL3LNO,1979,4.60E+04,,4.11E-01,3.99E-01
YELL3LNO,1980,4.35E+04,,2.73E-01,2.84E-01
YELL3LNO,1981,4.72E+04,,3.06E-01,3.11E-01
YELL3LNO,1982,4.90E+04,,2.62E-01,2.72E-01
YELL3LNO,1983,5.27E+04,,1.86E-01,1.99E-01
YELL3LNO,1984,6.00E+04,9.10E+04,2.76E-01,2.79E-01
YELL3LNO,1985,6.15E+04,6.17E+04,5.23E-01,4.71E-01
YELL3LNO,1986,5.01E+04,5.52E+04,7.19E-01,6.02E-01
YELL3LNO,1987,3.52E+04,4.91E+04,4.86E-01,4.63E-01
YELL3LNO,1988,3.22E+04,3.58E+04,5.38E-01,5.03E-01
YELL3LNO,1989,2.82E+04,2.80E+04,3.51E-01,3.62E-01
YELL3LNO,1990,2.99E+04,3.63E+04,4.87E-01,4.68E-01
YELL3LNO,1991,2.77E+04,2.86E+04,6.57E-01,5.84E-01
YELL3LNO,1992,2.20E+04,2.06E+04,5.08E-01,4.89E-01
YELL3LNO,1993,2.05E+04,3.68E+04,7.83E-01,6.64E-01
YELL3LNO,1994,1.47E+04,2.12E+04,1.18E-01,1.41E-01
YELL3LNO,1995,2.05E+04,2.47E+04,3.00E-03,3.27E-03
YELL3LNO,1996,3.12E+04,6.76E+04,6.00E-03,7.44E-03
YELL3LNO,1997,4.53E+04,6.31E+04,1.20E-02,1.45E-02
YELL3LNO,1998,6.20E+04,6.66E+04,6.30E-02,7.08E-02
YELL3LNO,1999,7.63E+04,1.38E+05,8.40E-02,9.04E-02
YELL3LNO,2000,8.79E+04,1.19E+05,1.22E-01,1.27E-01
YELL3LNO,2001,9.45E+04,1.35E+05,1.47E-01,1.50E-01
YELL3LNO,2002,9.74E+04,6.88E+04,1.07E-01,1.10E-01
YELL3LNO,2003,1.03E+05,1.68E+05,1.33E-01,1.34E-01
YELL3LNO,2004,1.05E+05,1.52E+05,1.26E-01,1.27E-01
YELL3LNO,2005,1.07E+05,1.79E+05,1.30E-01,1.31E-01
YELL3LNO,2006,1.08E+05,2.10E+05,8.00E-03,8.64E-03
YELL3LNO,2007,1.20E+05,2.04E+05,3.80E-02,3.86E-02
YELL3LNO,2008,1.26E+05,2.42E+05,1.26E-01,
YELL3LNO,2009,1.20E+05,1.20E+05,,
YELL3LNO,2010,,2.11E+05,,
YELL3LNO,2011,,2.11E+05,,
YELL3LNO,2012,,1.98E+05,,
YELL3LNO,2013,,1.95E+05,,
YELL3LNO,2014,,1.62E+05,,
YELL3LNO,2015,,,,
AMPL4VWX,1970,,2.47E+04,,
AMPL4VWX,1971,,3.55E+04,,
AMPL4VWX,1972,,3.07E+04,,
AMPL4VWX,1973,,2.72E+04,,
AMPL4VWX,1974,,3.74E+04,,
AMPL4VWX,1975,,3.59E+04,,
AMPL4VWX,1976,,3.99E+04,,
AMPL4VWX,1977,,2.82E+04,,
AMPL4VWX,1978,,3.01E+04,,
AMPL4VWX,1979,,3.62E+04,,
AMPL4VWX,1980,,4.30E+04,,
AMPL4VWX,1981,,3.66E+04,,
AMPL4VWX,1982,,3.41E+04,,
AMPL4VWX,1983,,2.46E+04,,
AMPL4VWX,1984,,2.98E+04,,
AMPL4VWX,1985,,3.06E+04,,
AMPL4VWX,1986,,2.27E+04,,
AMPL4VWX,1987,,2.63E+04,,
AMPL4VWX,1988,,2.52E+04,,
AMPL4VWX,1989,,3.15E+04,,
AMPL4VWX,1990,,2.58E+04,,
AMPL4VWX,1991,,2.35E+04,,
AMPL4VWX,1992,,2.58E+04,,
AMPL4VWX,1993,,1.91E+04,,
AMPL4VWX,1994,,1.60E+04,,
AMPL4VWX,1995,,1.89E+04,,
AMPL4VWX,1996,,1.90E+04,,
AMPL4VWX,1997,,2.14E+04,,
AMPL4VWX,1998,,1.85E+04,,
AMPL4VWX,1999,,1.82E+04,,
AMPL4VWX,2000,,1.70E+04,,
AMPL4VWX,2001,,1.55E+04,,
AMPL4VWX,2002,,1.99E+04,,
AMPL4VWX,2003,,2.20E+04,,
AMPL4VWX,2004,,2.55E+04,,
AMPL4VWX,2005,,2.30E+04,,
AMPL4VWX,2006,,2.60E+04,,
AMPL4VWX,2007,,2.23E+04,,
AMPL4VWX,2008,,1.67E+04,,
AMPL4VWX,2009,,1.58E+04,,
AMPL4VWX,2010,,,,
ATHAL3NOPs4VWX5Zc,1970,3.78E+03,3.89E+02,1.83E-01,
ATHAL3NOPs4VWX5Zc,1971,3.39E+03,3.41E+02,2.31E-01,
ATHAL3NOPs4VWX5Zc,1972,2.89E+03,2.37E+02,2.24E-01,
ATHAL3NOPs4VWX5Zc,1973,2.71E+03,1.57E+02,2.47E-01,
ATHAL3NOPs4VWX5Zc,1974,2.95E+03,8.99E+01,2.00E-01,
ATHAL3NOPs4VWX5Zc,1975,3.65E+03,6.87E+01,1.75E-01,
ATHAL3NOPs4VWX5Zc,1976,4.93E+03,8.71E+01,1.42E-01,
ATHAL3NOPs4VWX5Zc,1977,6.75E+03,1.60E+02,1.04E-01,
ATHAL3NOPs4VWX5Zc,1978,8.75E+03,3.39E+02,1.12E-01,
ATHAL3NOPs4VWX5Zc,1979,1.09E+04,6.86E+02,1.12E-01,
ATHAL3NOPs4VWX5Zc,1980,1.30E+04,1.26E+03,1.20E-01,
ATHAL3NOPs4VWX5Zc,1981,1.48E+04,2.08E+03,1.17E-01,
ATHAL3NOPs4VWX5Zc,1982,1.65E+04,3.17E+03,1.37E-01,
ATHAL3NOPs4VWX5Zc,1983,1.70E+04,4.27E+03,1.56E-01,
ATHAL3NOPs4VWX5Zc,1984,1.70E+04,5.27E+03,2.32E-01,
ATHAL3NOPs4VWX5Zc,1985,1.57E+04,5.68E+03,3.12E-01,
ATHAL3NOPs4VWX5Zc,1986,1.30E+04,5.34E+03,3.50E-01,
ATHAL3NOPs4VWX5Zc,1987,1.10E+04,4.64E+03,2.93E-01,
ATHAL3NOPs4VWX5Zc,1988,9.95E+03,3.98E+03,5.52E-01,
ATHAL3NOPs4VWX5Zc,1989,8.96E+03,3.00E+03,6.01E-01,
ATHAL3NOPs4VWX5Zc,1990,8.88E+03,2.18E+03,5.82E-01,
ATHAL3NOPs4VWX5Zc,1991,7.84E+03,1.53E+03,4.07E-01,
ATHAL3NOPs4VWX5Zc,1992,5.87E+03,1.14E+03,6.85E-01,
ATHAL3NOPs4VWX5Zc,1993,5.59E+03,7.78E+02,2.70E-01,
ATHAL3NOPs4VWX5Zc,1994,5.07E+03,5.23E+02,9.49E-02,
ATHAL3NOPs4VWX5Zc,1995,5.34E+03,4.10E+02,1.58E-01,
ATHAL3NOPs4VWX5Zc,1996,6.02E+03,4.60E+02,2.30E-01,
ATHAL3NOPs4VWX5Zc,1997,6.80E+03,6.12E+02,1.94E-01,
ATHAL3NOPs4VWX5Zc,1998,7.24E+03,8.33E+02,2.81E-01,
ATHAL3NOPs4VWX5Zc,1999,7.89E+03,1.16E+03,1.24E-01,
ATHAL3NOPs4VWX5Zc,2000,8.57E+03,1.55E+03,1.45E-01,
ATHAL3NOPs4VWX5Zc,2001,9.55E+03,1.97E+03,1.86E-01,
ATHAL3NOPs4VWX5Zc,2002,9.86E+03,2.21E+03,1.76E-01,
ATHAL3NOPs4VWX5Zc,2003,9.89E+03,2.39E+03,2.62E-01,
ATHAL3NOPs4VWX5Zc,2004,9.67E+03,2.56E+03,2.17E-01,
ATHAL3NOPs4VWX5Zc,2005,9.90E+03,2.69E+03,1.69E-01,
ATHAL3NOPs4VWX5Zc,2006,1.07E+04,2.81E+03,1.63E-01,
ATHAL3NOPs4VWX5Zc,2007,1.22E+04,2.89E+03,1.23E-01,
ATHAL3NOPs4VWX5Zc,2008,1.41E+04,2.90E+03,2.34E-01,
ATHAL3NOPs4VWX5Zc,2009,1.69E+04,3.08E+03,1.83E-01,
ATHAL3NOPs4VWX5Zc,2010,1.89E+04,3.43E+03,3.00E-01,0.097883598
ATHAL3NOPs4VWX5Zc,2011,2.24E+04,4.09E+03,,0.08125
ATHAL3NOPs4VWX5Zc,2012,2.71E+04,5.22E+03,,0.078597786
ATHAL3NOPs4VWX5Zc,2013,3.18E+04,6.65E+03,,0.072012579
ATHAL3NOPs4VWX5Zc,2014,,,,
COD4TVn,1970,1.70E+05,,,3.87E-01
COD4TVn,1971,1.36E+05,1.54E+05,3.73E-01,4.28E-01
COD4TVn,1972,1.19E+05,1.42E+05,5.44E-01,5.79E-01
COD4TVn,1973,1.08E+05,1.17E+05,5.12E-01,4.81E-01
COD4TVn,1974,8.14E+04,1.12E+05,5.99E-01,6.23E-01
COD4TVn,1975,7.07E+04,1.05E+05,3.99E-01,6.11E-01
COD4TVn,1976,7.50E+04,1.07E+05,5.08E-01,5.00E-01
COD4TVn,1977,8.04E+04,1.53E+05,2.57E-01,3.40E-01
COD4TVn,1978,1.61E+05,2.48E+05,1.91E-01,2.34E-01
COD4TVn,1979,2.50E+05,3.17E+05,1.89E-01,2.30E-01
COD4TVn,1980,2.99E+05,3.37E+05,1.83E-01,1.92E-01
COD4TVn,1981,3.19E+05,3.66E+05,2.09E-01,2.10E-01
COD4TVn,1982,3.26E+05,3.68E+05,1.86E-01,1.90E-01
COD4TVn,1983,2.99E+05,3.95E+05,2.07E-01,2.14E-01
COD4TVn,1984,2.92E+05,3.80E+05,1.17E-01,1.99E-01
COD4TVn,1985,3.38E+05,3.85E+05,1.34E-01,1.89E-01
COD4TVn,1986,3.38E+05,3.85E+05,1.59E-01,2.03E-01
COD4TVn,1987,3.02E+05,3.29E+05,1.78E-01,1.81E-01
COD4TVn,1988,2.70E+05,2.80E+05,1.99E-01,2.07E-01
COD4TVn,1989,2.43E+05,2.35E+05,2.59E-01,2.36E-01
COD4TVn,1990,1.93E+05,1.88E+05,3.51E-01,2.99E-01
COD4TVn,1991,1.54E+05,1.48E+05,4.03E-01,3.24E-01
COD4TVn,1992,1.25E+05,1.13E+05,4.28E-01,3.32E-01
COD4TVn,1993,1.06E+05,8.99E+04,4.50E-02,4.99E-02
COD4TVn,1994,1.02E+05,9.30E+04,9.00E-03,1.12E-02
COD4TVn,1995,1.06E+05,9.90E+04,8.00E-03,7.63E-03
COD4TVn,1996,1.11E+05,1.04E+05,8.00E-03,9.01E-03
COD4TVn,1997,1.16E+05,1.07E+05,1.00E-02,1.41E-02
COD4TVn,1998,1.09E+05,1.04E+05,2.10E-02,2.34E-02
COD4TVn,1999,1.00E+05,1.02E+05,3.30E-02,5.96E-02
COD4TVn,2000,1.04E+05,1.01E+05,3.20E-02,5.70E-02
COD4TVn,2001,1.05E+05,1.02E+05,3.90E-02,5.42E-02
COD4TVn,2002,9.38E+04,8.97E+04,3.80E-02,5.42E-02
COD4TVn,2003,7.68E+04,8.08E+04,2.00E-03,3.44E-03
COD4TVn,2004,6.80E+04,7.58E+04,2.00E-02,3.47E-02
COD4TVn,2005,5.89E+04,6.51E+04,2.60E-02,4.47E-02
COD4TVn,2006,5.77E+04,5.86E+04,3.20E-02,5.10E-02
COD4TVn,2007,5.03E+04,5.25E+04,2.20E-02,2.94E-02
COD4TVn,2008,4.13E+04,4.40E+04,3.00E-02,3.44E-02
COD4TVn,2009,3.43E+04,3.52E+04,3.00E-03,4.61E-03
COD4TVn,2010,3.43E+04,3.18E+04,2.00E-03,
COD4TVn,2011,,2.73E+04,2.00E-03,
COD4TVn,2012,,2.43E+04,4.00E-03,
COD4TVn,2013,,2.32E+04,2.00E-03,
COD4TVn,2014,,2.55E+04,2.00E-03,
COD4TVn,2015,,3.10E+04,,
COD4VsW,1970,,3.04E+04,,8.22E-01
COD4VsW,1971,,5.21E+04,,4.39E-01
COD4VsW,1972,,4.52E+04,,5.93E-01
COD4VsW,1973,,8.44E+04,,2.79E-01
COD4VsW,1974,,1.73E+04,,1.10E+00
COD4VsW,1975,,1.64E+04,,8.61E-01
COD4VsW,1976,,2.65E+04,,4.00E-01
COD4VsW,1977,,4.70E+04,,9.60E-02
COD4VsW,1978,,5.61E+04,,1.97E-01
COD4VsW,1979,,8.08E+04,,2.16E-01
COD4VsW,1980,,8.63E+04,,2.48E-01
COD4VsW,1981,,9.33E+04,,2.50E-01
COD4VsW,1982,,1.10E+05,,2.20E-01
COD4VsW,1983,,1.49E+05,,1.52E-01
COD4VsW,1984,,1.72E+05,,1.33E-01
COD4VsW,1985,,1.09E+05,,2.29E-01
COD4VsW,1986,,5.75E+04,,3.90E-01
COD4VsW,1987,,8.82E+04,,2.24E-01
COD4VsW,1988,,6.38E+04,,2.62E-01
COD4VsW,1989,,5.16E+04,,3.09E-01
COD4VsW,1990,,5.23E+04,,2.86E-01
COD4VsW,1991,,4.10E+04,,3.51E-01
COD4VsW,1992,,2.24E+04,,5.80E-01
COD4VsW,1993,,4.60E+04,,3.11E-02
COD4VsW,1994,,1.39E+04,,1.11E-02
COD4VsW,1995,,1.93E+04,,6.38E-03
COD4VsW,1996,,7.76E+03,,1.72E-02
COD4VsW,1997,,4.61E+03,,3.09E-02
COD4VsW,1998,,1.92E+04,,6.20E-03
COD4VsW,1999,,1.66E+04,,7.77E-03
COD4VsW,2000,,6.70E+03,,1.02E-02
COD4VsW,2001,,1.02E+04,,6.34E-03
COD4VsW,2002,,4.72E+03,,7.64E-03
SHAKE4VWX,1970,,,,
SHAKE4VWX,1971,,,,
SHAKE4VWX,1972,,,,
SHAKE4VWX,1973,,,,
SHAKE4VWX,1974,,,,
SHAKE4VWX,1975,,,,
SHAKE4VWX,1976,,,,
SHAKE4VWX,1977,,,,
SHAKE4VWX,1978,,,,
SHAKE4VWX,1979,,,,
SHAKE4VWX,1980,,,,
SHAKE4VWX,1981,,,,
SHAKE4VWX,1982,,,,
SHAKE4VWX,1983,,,,
SHAKE4VWX,1984,,,,
SHAKE4VWX,1985,,,,
SHAKE4VWX,1986,,,,
SHAKE4VWX,1987,,,,
SHAKE4VWX,1988,,,,
SHAKE4VWX,1989,,,,
SHAKE4VWX,1990,,,,
SHAKE4VWX,1991,,,,
SHAKE4VWX,1992,,,,
SHAKE4VWX,1993,9.72E+04,,,0.300411523
SHAKE4VWX,1994,8.73E+04,,9.49E-02,0.090034364
SHAKE4VWX,1995,1.11E+05,,1.78E-01,0.154054054
SHAKE4VWX,1996,1.12E+05,,1.92E-01,0.23125
SHAKE4VWX,1997,8.80E+04,,1.43E-01,0.1875
SHAKE4VWX,1998,6.78E+04,,8.93E-02,0.246312684
SHAKE4VWX,1999,6.25E+04,,1.23E-01,0.2208
SHAKE4VWX,2000,7.13E+04,,1.63E-01,0.162692847
SHAKE4VWX,2001,7.44E+04,,1.81E-01,0.240591398
SHAKE4VWX,2002,4.88E+04,,1.91E-01,0.323770492
SHAKE4VWX,2003,5.73E+04,,2.41E-01,0.202443281
SHAKE4VWX,2004,7.19E+04,,2.00E-01,0.193324061
SHAKE4VWX,2005,5.03E+04,,1.56E-01,0.226640159
SHAKE4VWX,2006,5.99E+04,,2.09E-01,0.205342237
SHAKE4VWX,2007,5.66E+04,,1.87E-01,0.213780919
SHAKE4VWX,2008,6.54E+04,,1.98E-01,0.191131498
SHAKE4VWX,2009,9.93E+04,,1.55E-01,0.10775428
SHAKE4VWX,2010,1.11E+05,,1.01E-01,0.074054054
SHAKE4VWX,2011,1.33E+05,,7.11E-02,0.066616541
SHAKE4VWX,2012,1.32E+05,,7.13E-02,0.065606061
SHAKE4VWX,2013,1.15E+05,,5.94E-02,0.067652174
SHAKE4VWX,2014,1.46E+05,,6.08E-02,0.047465753
SHAKE4VWX,2015,1.22E+05,,4.76E-02,
HERR4VWX,1970,4.93E+05,,4.90E-01,
HERR4VWX,1971,4.19E+05,,5.10E-01,
HERR4VWX,1972,4.28E+05,,6.90E-01,
HERR4VWX,1973,4.99E+05,,5.40E-01,
HERR4VWX,1974,5.76E+05,,3.40E-01,
HERR4VWX,1975,5.17E+05,,4.40E-01,
HERR4VWX,1976,3.89E+05,,4.10E-01,
HERR4VWX,1977,3.42E+05,,5.70E-01,
HERR4VWX,1978,2.64E+05,,9.80E-01,
HERR4VWX,1979,2.63E+05,,6.80E-01,
HERR4VWX,1980,3.68E+05,,2.70E-01,
HERR4VWX,1981,3.62E+05,,6.30E-01,
HERR4VWX,1982,3.20E+05,,5.90E-01,
HERR4VWX,1983,3.48E+05,,5.50E-01,
HERR4VWX,1984,4.24E+05,,5.90E-01,
HERR4VWX,1985,5.82E+05,,5.10E-01,
HERR4VWX,1986,7.63E+05,,1.70E-01,
HERR4VWX,1987,8.19E+05,,2.20E-01,
HERR4VWX,1988,7.02E+05,,3.80E-01,
HERR4VWX,1989,5.59E+05,,2.30E-01,
HERR4VWX,1990,5.18E+05,,5.10E-01,
HERR4VWX,1991,4.05E+05,,4.10E-01,
HERR4VWX,1992,3.40E+05,,6.10E-01,
HERR4VWX,1993,2.45E+05,,7.30E-01,
HERR4VWX,1994,1.81E+05,,1.07E+00,
HERR4VWX,1995,1.56E+05,,9.40E-01,
HERR4VWX,1996,1.61E+05,,7.40E-01,
HERR4VWX,1997,1.79E+05,5.69E+05,6.50E-01,
HERR4VWX,1998,1.81E+05,5.21E+05,1.17E+00,
HERR4VWX,1999,1.64E+05,5.06E+05,8.90E-01,1.55E-01
HERR4VWX,2000,1.64E+05,4.63E+05,1.33E+00,1.85E-01
HERR4VWX,2001,1.68E+05,4.61E+05,1.08E+00,1.56E-01
HERR4VWX,2002,1.66E+05,5.43E+05,1.67E+00,1.42E-01
HERR4VWX,2003,1.54E+05,5.06E+05,2.06E+00,1.79E-01
HERR4VWX,2004,1.16E+05,4.82E+05,2.46E+00,1.63E-01
HERR4VWX,2005,9.63E+04,2.33E+05,1.21E+00,2.11E-01
HERR4VWX,2006,9.17E+04,2.87E+05,,1.72E-01
HERR4VWX,2007,,3.84E+05,,1.31E-01
HERR4VWX,2008,,2.21E+05,,2.47E-01
HERR4VWX,2009,,3.77E+05,,1.44E-01
HERR4VWX,2010,,2.52E+05,,1.81E-01
HERR4VWX,2011,,4.49E+05,,1.13E-01
HERR4VWX,2012,,4.76E+05,,1.01E-01
HAD3LNO,1970,,,,
HAD3LNO,1971,,,,
HAD3LNO,1972,,,,
HAD3LNO,1973,,,,
HAD3LNO,1974,,,,
HAD3LNO,1975,,,,
HAD3LNO,1976,,,,
HAD3LNO,1977,,,,
HAD3LNO,1978,,,,
HAD3LNO,1979,,,,
HAD3LNO,1980,,,,
HAD3LNO,1981,,,,
HAD3LNO,1982,,,,
HAD3LNO,1983,,,,
HAD3LNO,1984,,,,
HAD3LNO,1985,,,,
HAD3LNO,1986,,,,
HAD3LNO,1987,,,,
HAD3LNO,1988,,,,
HAD3LNO,1989,,,,
HAD3LNO,1990,,,,
HAD3LNO,1991,,,,
HAD3LNO,1992,,,,
HAD3LNO,1993,,,,
HAD3LNO,1994,,,,
HAD3LNO,1995,,,,
HAD3LNO,1996,3.09E+03,1.12E+06,,0.022330097
HAD3LNO,1997,4.58E+03,1.39E+07,,0.051528384
HAD3LNO,1998,5.06E+03,2.36E+06,,0.015612648
HAD3LNO,1999,1.91E+04,7.43E+07,,0.004136126
HAD3LNO,2000,1.64E+04,5.24E+07,,0.005304878
HAD3LNO,2001,9.65E+03,1.63E+07,,0.015751295
HAD3LNO,2002,7.15E+03,7.31E+06,,0.044755245
HAD3LNO,2003,3.71E+03,2.20E+06,,0.074123989
HAD3LNO,2004,7.18E+03,3.04E+06,,0.009331476
HAD3LNO,2005,2.86E+03,2.25E+06,,0.017832168
HAD3LNO,2006,1.10E+04,4.25E+06,,0.002181818
HAD3LNO,2007,1.93E+04,1.14E+07,,0.001554404
HAD3LNO,2008,1.53E+04,9.27E+06,,0.004052288
HAD3LNO,2009,2.58E+04,2.05E+07,,0.004186047
HAD3LNO,2010,1.91E+04,1.38E+07,,0.001570681
HAD3LNO,2011,1.12E+04,5.44E+06,,0.005535714
HAD3LNO,2012,1.46E+04,9.65E+06,,0.000684932
HAD3LNO,2013,1.64E+04,1.49E+07,,0.001280488
HAD3LNO,2014,,,,
HAD3LNO,2015,,,,
HAD3LNO,2016,,,,
HAD3LNO,2017,,,,
HAD4X5Y,1970,3.91E+04,7.00E+04,,0.462915601
HAD4X5Y,1971,5.09E+04,5.00E+04,,0.345776031
HAD4X5Y,1972,2.40E+04,4.06E+04,,0.5625
HAD4X5Y,1973,3.13E+04,4.10E+04,,0.418530351
HAD4X5Y,1974,6.66E+04,3.39E+04,,0.201201201
HAD4X5Y,1975,3.78E+04,4.37E+04,,0.484126984
HAD4X5Y,1976,3.98E+04,5.07E+04,,0.439698492
HAD4X5Y,1977,2.32E+05,4.74E+04,,0.091810345
HAD4X5Y,1978,4.91E+04,6.07E+04,,0.556008147
HAD4X5Y,1979,8.18E+04,6.95E+04,,0.30806846
HAD4X5Y,1980,9.71E+04,6.42E+04,,0.300720906
HAD4X5Y,1981,8.03E+04,6.41E+04,,0.392278954
HAD4X5Y,1982,9.17E+04,5.66E+04,,0.280261723
HAD4X5Y,1983,4.70E+04,5.05E+04,,0.582978723
HAD4X5Y,1984,6.72E+04,4.13E+04,,0.31547619
HAD4X5Y,1985,7.52E+04,3.36E+04,,0.214095745
HAD4X5Y,1986,5.94E+04,3.64E+04,,0.262626263
HAD4X5Y,1987,2.97E+04,3.34E+04,,0.464646465
HAD4X5Y,1988,2.83E+04,2.75E+04,,0.399293286
HAD4X5Y,1989,2.15E+04,2.04E+04,,0.31627907
HAD4X5Y,1990,4.13E+04,1.85E+04,,0.183050847
HAD4X5Y,1991,6.10E+04,2.66E+04,,0.161147541
HAD4X5Y,1992,3.46E+04,2.94E+04,,0.303468208
HAD4X5Y,1993,1.28E+04,2.21E+04,,0.54453125
HAD4X5Y,1994,2.39E+04,2.03E+04,,0.184518828
HAD4X5Y,1995,4.93E+04,2.25E+04,,0.115010142
HAD4X5Y,1996,8.31E+04,2.61E+04,,0.07521059
HAD4X5Y,1997,4.52E+04,2.79E+04,,0.144469027
HAD4X5Y,1998,4.35E+04,2.73E+04,,0.180229885
HAD4X5Y,1999,5.64E+04,2.15E+04,,0.117375887
HAD4X5Y,2000,6.02E+04,2.19E+04,,0.115614618
HAD4X5Y,2001,8.54E+04,2.06E+04,,0.099180328
HAD4X5Y,2002,6.58E+04,2.38E+04,,0.121580547
HAD4X5Y,2003,6.79E+04,2.64E+04,,0.128276878
HAD4X5Y,2004,4.03E+04,2.72E+04,,0.162531017
HAD4X5Y,2005,4.35E+04,2.56E+04,,0.129425287
HAD4X5Y,2006,4.66E+04,2.35E+04,,0.10193133
HAD4X5Y,2007,5.48E+04,3.81E+04,,0.125547445
HAD4X5Y,2008,4.33E+04,3.79E+04,,0.124018476
HAD4X5Y,2009,6.08E+04,3.81E+04,,0.090460526
HAD4X5Y,2010,4.55E+04,4.27E+04,,0.124395604
HAD4X5Y,2011,4.79E+04,,,0.077870564
HAD4X5Y,2012,2.90E+04,,,0.142413793
HAD4X5Y,2013,3.66E+04,,,0.096174863
HAD4X5Y,2014,4.29E+04,,,
REDFISHSPP3LN,1970,1.85E+05,,7.70E-02,7.81E-02
REDFISHSPP3LN,1971,1.92E+05,,1.85E-01,1.79E-01
REDFISHSPP3LN,1972,1.80E+05,,1.64E-01,1.61E-01
REDFISHSPP3LN,1973,1.74E+05,,1.97E-01,1.92E-01
REDFISHSPP3LN,1974,1.64E+05,,1.35E-01,1.36E-01
REDFISHSPP3LN,1975,1.66E+05,,1.06E-01,1.08E-01
REDFISHSPP3LN,1976,1.71E+05,,1.19E-01,1.20E-01
REDFISHSPP3LN,1977,1.74E+05,,9.30E-02,9.49E-02
REDFISHSPP3LN,1978,1.81E+05,,6.50E-02,6.67E-02
REDFISHSPP3LN,1979,1.91E+05,,7.20E-02,7.38E-02
REDFISHSPP3LN,1980,1.98E+05,,8.00E-02,8.11E-02
REDFISHSPP3LN,1981,2.02E+05,,1.21E-01,1.20E-01
REDFISHSPP3LN,1982,1.98E+05,,1.09E-01,1.09E-01
REDFISHSPP3LN,1983,1.97E+05,,1.00E-01,1.00E-01
REDFISHSPP3LN,1984,1.98E+05,,7.30E-02,7.45E-02
REDFISHSPP3LN,1985,2.04E+05,,1.01E-01,1.01E-01
REDFISHSPP3LN,1986,2.03E+05,,2.23E-01,2.11E-01
REDFISHSPP3LN,1987,1.81E+05,,5.22E-01,4.36E-01
REDFISHSPP3LN,1988,1.26E+05,,4.83E-01,4.21E-01
REDFISHSPP3LN,1989,9.63E+04,,3.75E-01,3.49E-01
REDFISHSPP3LN,1990,8.38E+04,,3.69E-01,3.47E-01
REDFISHSPP3LN,1991,7.43E+04,,3.67E-01,3.47E-01
REDFISHSPP3LN,1992,6.67E+04,,4.47E-01,4.09E-01
REDFISHSPP3LN,1993,5.59E+04,,4.06E-01,3.81E-01
REDFISHSPP3LN,1994,4.94E+04,,1.06E-01,1.16E-01
REDFISHSPP3LN,1995,5.87E+04,,3.00E-02,3.39E-02
REDFISHSPP3LN,1996,7.41E+04,,5.00E-03,6.08E-03
REDFISHSPP3LN,1997,9.40E+04,,6.00E-03,6.70E-03
REDFISHSPP3LN,1998,1.16E+05,,7.00E-03,7.74E-03
REDFISHSPP3LN,1999,1.39E+05,,1.50E-02,1.66E-02
REDFISHSPP3LN,2000,1.61E+05,,1.80E-02,1.95E-02
REDFISHSPP3LN,2001,1.82E+05,,8.00E-03,7.94E-03
REDFISHSPP3LN,2002,2.02E+05,,6.00E-03,6.03E-03
REDFISHSPP3LN,2003,2.19E+05,,6.00E-03,6.09E-03
REDFISHSPP3LN,2004,2.33E+05,,3.00E-03,2.73E-03
REDFISHSPP3LN,2005,2.46E+05,,3.00E-03,2.68E-03
REDFISHSPP3LN,2006,2.55E+05,,2.00E-03,1.95E-03
REDFISHSPP3LN,2007,2.62E+05,,7.00E-03,6.34E-03
REDFISHSPP3LN,2008,2.67E+05,,,
REDFISHSPP3LN,2009,,,,
REDFISHSPP3LN,2010,,,,
REDFISHSPP3LN,2011,,,,
REDFISHSPP3LN,2012,,,,
REDFISHSPP3LN,2013,,,,
REDFISHSPP3M,1985,,,,
REDFISHSPP3M,1986,,,,
REDFISHSPP3M,1987,,,,
REDFISHSPP3M,1988,1.60E+05,5.50E+04,,
REDFISHSPP3M,1989,1.28E+05,4.80E+04,3.42E-01,0.45390625
REDFISHSPP3M,1990,8.90E+04,3.80E+04,5.25E-01,0.91011236
REDFISHSPP3M,1991,7.20E+04,1.50E+04,3.97E-01,0.673611111
REDFISHSPP3M,1992,1.19E+05,2.30E+04,6.03E-01,0.363865546
REDFISHSPP3M,1993,7.80E+04,9.00E+03,7.25E-01,0.371794872
REDFISHSPP3M,1994,1.05E+05,9.00E+03,4.73E-01,0.107619048
REDFISHSPP3M,1995,7.30E+04,8.00E+03,7.45E-01,0.184931507
REDFISHSPP3M,1996,1.00E+05,7.00E+03,5.77E-01,0.0579
REDFISHSPP3M,1997,8.40E+04,1.90E+04,1.58E-01,0.01547619
REDFISHSPP3M,1998,6.00E+04,2.00E+04,9.37E-02,0.016183333
REDFISHSPP3M,1999,8.20E+04,3.10E+04,1.47E-01,0.01304878
REDFISHSPP3M,2000,1.18E+05,5.40E+04,2.65E-01,0.031016949
REDFISHSPP3M,2001,6.40E+04,1.40E+04,1.68E-01,0.0503125
REDFISHSPP3M,2002,1.07E+05,1.40E+04,2.10E-01,0.027383178
REDFISHSPP3M,2003,5.00E+04,8.00E+03,1.68E-01,0.0376
REDFISHSPP3M,2004,1.57E+05,1.20E+04,7.65E-02,0.018598726
REDFISHSPP3M,2005,3.02E+05,2.80E+04,1.63E-01,0.021688742
REDFISHSPP3M,2006,4.85E+05,2.20E+04,4.63E-02,0.014762887
REDFISHSPP3M,2007,3.86E+05,4.80E+04,,0.017253886
REDFISHSPP3M,2008,3.08E+05,3.90E+04,,0.0275
REDFISHSPP3M,2009,2.86E+05,7.20E+04,,0.03951049
REDFISHSPP3M,2010,1.64E+05,3.30E+04,,0.051829268
REDFISHSPP3M,2011,1.68E+05,2.50E+04,,0.066071429
REDFISHSPP3M,2012,2.51E+05,6.30E+04,,0.03498008
REDFISHSPP3M,2013,1.88E+05,6.30E+04,,0.041382979
REDFISHSPP3M,2014,1.43E+05,6.30E+04,,0.051748252
REDFISHSPP3Pn4RSTVn,1970,,,,
REDFISHSPP3Pn4RSTVn,1971,,,,
REDFISHSPP3Pn4RSTVn,1972,,,,
REDFISHSPP3Pn4RSTVn,1973,,,,
REDFISHSPP3Pn4RSTVn,1974,,,,
REDFISHSPP3Pn4RSTVn,1975,,,,
REDFISHSPP3Pn4RSTVn,1976,,,,
REDFISHSPP3Pn4RSTVn,1977,,,,
REDFISHSPP3Pn4RSTVn,1978,,,,
REDFISHSPP3Pn4RSTVn,1979,,,,
REDFISHSPP3Pn4RSTVn,1980,,,,
REDFISHSPP3Pn4RSTVn,1981,,,,
REDFISHSPP3Pn4RSTVn,1982,,,,
REDFISHSPP3Pn4RSTVn,1983,,,,
REDFISHSPP3Pn4RSTVn,1984,,,,
REDFISHSPP3Pn4RSTVn,1985,,,,
REDFISHSPP3Pn4RSTVn,1986,,,,
REDFISHSPP3Pn4RSTVn,1987,,,,
REDFISHSPP3Pn4RSTVn,1988,,,,
REDFISHSPP3Pn4RSTVn,1989,,,,
REDFISHSPP3Pn4RSTVn,1990,,,,
REDFISHSPP3Pn4RSTVn,1991,,,,
REDFISHSPP3Pn4RSTVn,1992,,,,
REDFISHSPP3Pn4RSTVn,1993,,,,
REDFISHSPP3Pn4RSTVn,1994,,,,
REDFISHSPP3Pn4RSTVn,1995,,,,
REDFISHSPP3Pn4RSTVn,1996,,,,
REDFISHSPP3Pn4RSTVn,1997,,,,
REDFISHSPP3Pn4RSTVn,1998,,,,
REDFISHSPP3Pn4RSTVn,1999,,,,
REDFISHSPP3Pn4RSTVn,2000,,,,
SDOG4VWX5,1970,,1.16E+06,,
SDOG4VWX5,1971,,1.18E+06,,
SDOG4VWX5,1972,,1.10E+06,,
SDOG4VWX5,1973,,9.76E+05,,
SDOG4VWX5,1974,,7.58E+05,,
SDOG4VWX5,1975,,5.17E+05,,
SDOG4VWX5,1976,,4.01E+05,,
SDOG4VWX5,1977,,4.19E+05,,
SDOG4VWX5,1978,,4.47E+05,,
SDOG4VWX5,1979,,4.28E+05,,
SDOG4VWX5,1980,,4.15E+05,,
SDOG4VWX5,1981,,3.97E+05,,
SDOG4VWX5,1982,,3.79E+05,,
SDOG4VWX5,1983,,3.51E+05,,
SDOG4VWX5,1984,,3.42E+05,,
SDOG4VWX5,1985,,3.28E+05,,
SDOG4VWX5,1986,,3.15E+05,,
SDOG4VWX5,1987,,2.75E+05,,
SDOG4VWX5,1988,,2.46E+05,,
SDOG4VWX5,1989,,1.99E+05,,
SDOG4VWX5,1990,,1.32E+05,,
SDOG4VWX5,1991,,1.14E+05,,
SDOG4VWX5,1992,,1.04E+05,,
SDOG4VWX5,1993,,9.95E+04,,
SDOG4VWX5,1994,,1.09E+05,,
SDOG4VWX5,1995,,1.20E+05,,
SDOG4VWX5,1996,,1.30E+05,,
SDOG4VWX5,1997,,1.32E+05,,
SDOG4VWX5,1998,,1.29E+05,,
SDOG4VWX5,1999,,1.23E+05,,
SDOG4VWX5,2000,,1.11E+05,,
SDOG4VWX5,2001,,9.02E+04,,
SDOG4VWX5,2002,,6.10E+04,,
SDOG4VWX5,2003,,4.54E+04,,
SDOG4VWX5,2004,,3.13E+04,,
SDOG4VWX5,2005,,1.12E+04,,
SDOG4VWX5,2006,,5.12E+03,,
SDOG4VWX5,2007,,4.51E+03,,
SDOG4VWX5,2008,,3.90E+03,,
SDOG4VWX5,2009,,3.37E+03,,
SDOG4VWX5,2010,,2.85E+03,,
SDOG4VWX5,2011,,2.55E+03,,
SDOG4VWX5,2012,,2.18E+03,,
SDOG4VWX5,2013,,1.79E+03,,
WHAKE4VWX5,1970,,,,
WHAKE4VWX5,1971,,,,
WHAKE4VWX5,1972,,,,
WHAKE4VWX5,1973,,,,
WHAKE4VWX5,1974,,,,
WHAKE4VWX5,1975,,,,
WHAKE4VWX5,1976,,,,
WHAKE4VWX5,1977,,,,
WHAKE4VWX5,1978,,,,
WHAKE4VWX5,1979,,,,
WHAKE4VWX5,1980,,,,
WHAKE4VWX5,1981,,,,
WHAKE4VWX5,1982,,,,
WHAKE4VWX5,1983,,,,
WHAKE4VWX5,1984,,,,
WHAKE4VWX5,1985,,,,
WHAKE4VWX5,1986,,,,
WHAKE4VWX5,1987,,,,
WHAKE4VWX5,1988,,,,
WHAKE4VWX5,1989,,,,
WHAKE4VWX5,1990,,,,
WHAKE4VWX5,1991,,,,
WHAKE4VWX5,1992,,,,
WHAKE4VWX5,1993,,,,
WHAKE4VWX5,1994,,,,
WHAKE4VWX5,1995,,,,
WHAKE4VWX5,1996,,,,
WHAKE4VWX5,1997,,,,
WHAKE4VWX5,1998,,,,
WHAKE4VWX5,1999,,,,
WHAKE4VWX5,2000,,,,
WHAKE4VWX5,2001,,,,
WHAKE4VWX5,2002,,,,
WHAKE4VWX5,2003,,,,
WHAKE4VWX5,2004,,,,
WHAKE4VWX5,2005,,,,
WITFLOUN3Ps,1974,,,,
WITFLOUN3Ps,1975,,,,
WITFLOUN3Ps,1976,,,,
WITFLOUN3Ps,1977,,,,
WITFLOUN3Ps,1978,,,,
WITFLOUN3Ps,1979,,,,
WITFLOUN3Ps,1980,,,,
WITFLOUN3Ps,1981,,,,
WITFLOUN3Ps,1982,,,,
WITFLOUN3Ps,1983,,,,
WITFLOUN3Ps,1984,,,,
WITFLOUN3Ps,1985,,,,
WITFLOUN3Ps,1986,,,,
WITFLOUN3Ps,1987,,,,
WITFLOUN3Ps,1988,,,,
WITFLOUN3Ps,1989,,,,
WITFLOUN3Ps,1990,,,,
WITFLOUN3Ps,1991,,,,
WITFLOUN3Ps,1992,,,,
WITFLOUN3Ps,1993,,,,
WITFLOUN3Ps,1994,,,,
WITFLOUN3Ps,1995,,,,
WITFLOUN3Ps,1996,,,,
WITFLOUN3Ps,1997,,,,
WITFLOUN3Ps,1998,,,,
WITFLOUN3Ps,1999,,,,
WITFLOUN3Ps,2000,,,,
WITFLOUN3Ps,2001,,,,
WITFLOUN3Ps,2002,,,,
WITFLOUN3Ps,2003,,,,
WITFLOUN3Ps,2004,,,,
WITFLOUN3Ps,2005,,,,
WITFLOUN3Ps,2006,,,,
WITFLOUN3Ps,2007,,,,
WITFLOUN3Ps,2008,,,,
WITFLOUN3Ps,2009,,,,
WITFLOUN3Ps,2010,,,,
WITFLOUN3Ps,2011,,,,
WITFLOUN3Ps,2012,,,,
WITFLOUN3Ps,2013,,,,
WITFLOUN4RST,1970,,2.85E+04,,1.74E-01
WITFLOUN4RST,1971,,2.50E+04,,1.82E-01
WITFLOUN4RST,1972,,2.32E+04,,9.77E-02
WITFLOUN4RST,1973,,2.51E+04,,8.07E-02
WITFLOUN4RST,1974,,2.58E+04,,1.22E-01
WITFLOUN4RST,1975,,2.79E+04,,8.86E-02
WITFLOUN4RST,1976,,2.55E+04,,2.88E-01
WITFLOUN4RST,1977,,2.58E+04,,1.17E-01
WITFLOUN4RST,1978,,2.13E+04,,2.20E-01
WITFLOUN4RST,1979,,1.84E+04,,2.37E-01
WITFLOUN4RST,1980,,1.44E+04,,2.58E-01
WITFLOUN4RST,1981,,1.24E+04,,1.43E-01
WITFLOUN4RST,1982,,1.11E+04,,1.26E-01
WITFLOUN4RST,1983,,1.07E+04,,1.07E-01
WITFLOUN4RST,1984,,1.15E+04,,9.28E-02
WITFLOUN4RST,1985,,1.32E+04,,1.22E-01
WITFLOUN4RST,1986,,1.60E+04,,1.14E-01
WITFLOUN4RST,1987,,1.58E+04,,1.45E-01
WITFLOUN4RST,1988,,1.58E+04,,1.66E-01
WITFLOUN4RST,1989,,1.40E+04,,1.71E-01
WITFLOUN4RST,1990,,1.23E+04,,1.35E-01
WITFLOUN4RST,1991,,9.54E+03,,1.13E-01
WITFLOUN4RST,1992,,6.89E+03,,1.36E-01
WITFLOUN4RST,1993,,5.15E+03,,2.04E-01
WITFLOUN4RST,1994,,5.26E+03,,7.47E-02
WITFLOUN4RST,1995,,5.36E+03,,6.53E-02
WITFLOUN4RST,1996,,5.79E+03,,7.40E-02
WITFLOUN4RST,1997,,6.01E+03,,8.58E-02
WITFLOUN4RST,1998,,6.80E+03,,1.00E-01
WITFLOUN4RST,1999,,7.96E+03,,1.16E-01
WITFLOUN4RST,2000,,8.13E+03,,1.27E-01
WITFLOUN4RST,2001,,7.87E+03,,8.17E-02
WITFLOUN4RST,2002,,7.62E+03,,1.14E-01
WITFLOUN4RST,2003,,7.31E+03,,1.07E-01
WITFLOUN4RST,2004,,7.06E+03,,1.10E-01
WITFLOUN4RST,2005,,7.06E+03,,1.33E-01
WITFLOUN4RST,2006,,6.57E+03,,1.70E-01
WITFLOUN4RST,2007,,5.72E+03,,1.42E-01
WITFLOUN4RST,2008,,5.67E+03,,1.34E-01
WITFLOUN4RST,2009,,5.31E+03,,1.25E-01
WITFLOUN4RST,2010,,5.43E+03,,4.94E-02
WITFLOUN4RST,2011,,4.99E+03,,8.93E-02
GHAL4RST,1970,,,,
GHAL4RST,1971,,,,
GHAL4RST,1972,,,,
GHAL4RST,1973,,,,
GHAL4RST,1974,2.66E+05,1.98E+05,,0.003796992
GHAL4RST,1975,2.60E+05,1.80E+05,4.30E-01,0.005923077
GHAL4RST,1976,2.73E+05,1.78E+05,3.60E-01,0.007399267
GHAL4RST,1977,2.89E+05,1.83E+05,4.70E-01,0.013702422
GHAL4RST,1978,3.13E+05,1.90E+05,5.90E-01,0.019968051
GHAL4RST,1979,3.32E+05,2.07E+05,4.50E-01,0.026475904
GHAL4RST,1980,3.68E+05,2.36E+05,5.30E-01,0.019048913
GHAL4RST,1981,4.26E+05,2.71E+05,5.10E-01,0.007464789
GHAL4RST,1982,3.95E+05,2.56E+05,4.10E-01,0.005746835
GHAL4RST,1983,4.46E+05,2.91E+05,5.30E-01,0.002488789
GHAL4RST,1984,3.38E+05,2.45E+05,3.50E-01,0.006301775
GHAL4RST,1985,4.20E+05,2.51E+05,4.80E-01,0.005595238
GHAL4RST,1986,3.95E+05,2.65E+05,4.10E-01,0.016556962
GHAL4RST,1987,3.02E+05,1.99E+05,5.40E-01,0.036754967
GHAL4RST,1988,2.03E+05,1.21E+05,6.70E-01,0.037389163
GHAL4RST,1989,1.89E+05,1.21E+05,4.30E-01,0.026719577
GHAL4RST,1990,1.19E+05,5.58E+04,6.10E-01,0.020588235
GHAL4RST,1991,8.27E+04,4.54E+04,6.60E-01,0.02732769
GHAL4RST,1992,5.30E+04,2.83E+04,8.00E-01,0.064528302
GHAL4RST,1993,2.58E+04,1.80E+04,1.30E+00,0.09496124
GHAL4RST,1994,1.17E+04,5.24E+03,1.96E+00,0.311965812
GHAL4RST,1995,1.70E+04,1.26E+04,1.00E-01,0.142941176
GHAL4RST,1996,1.92E+04,1.37E+04,5.00E-02,0.1015625
GHAL4RST,1997,2.09E+04,1.63E+04,6.00E-02,0.117703349
GHAL4RST,1998,2.27E+04,1.66E+04,4.10E-01,0.174008811
GHAL4RST,1999,2.64E+04,2.14E+04,2.30E-01,0.137878788
GHAL4RST,2000,2.67E+04,1.97E+04,5.60E-01,0.078651685
GHAL4RST,2001,2.69E+04,1.98E+04,5.00E-01,0.047583643
GHAL4RST,2002,2.83E+04,1.93E+04,4.90E-01,0.061130742
GHAL4RST,2003,2.71E+04,1.93E+04,6.00E-01,0.131365314
GHAL4RST,2004,3.14E+04,2.39E+04,3.00E-02,0.125796178
GHAL4RST,2005,3.21E+04,2.39E+04,2.20E-01,0.126168224
GHAL4RST,2006,3.27E+04,2.30E+04,2.70E-01,0.118348624
GHAL4RST,2007,3.70E+04,2.28E+04,3.50E-01,0.105945946
GHAL4RST,2008,3.36E+04,1.75E+04,4.00E-01,0.111904762
GHAL4RST,2009,3.28E+04,2.08E+04,6.20E-01,0.129573171
GHAL4RST,2010,3.19E+04,1.58E+04,4.40E-01,0.123824451
GHAL4RST,2011,2.83E+04,2.06E+04,4.30E-01,
GHAL4RST,2012,2.64E+04,1.78E+04,1.60E-01,
GHAL4RST,2013,2.43E+04,1.56E+04,1.10E-01,
GHAL4RST,2014,3.18E+04,1.83E+04,8.00E-02,
GHAL4RST,2015,4.71E+04,1.77E+04,9.00E-02,